<?xml version="1.0" encoding="UTF-8"?>
<project xmlns="http://maven.apache.org/POM/4.0.0" xmlns:xsi="http://www.w3.org/2001/XMLSchema-instance" xsi:schemaLocation="http://maven.apache.org/POM/4.0.0 http://maven.apache.org/maven-v4_0_0.xsd">
  <parent>
    <artifactId>VMSBridge</artifactId>
    <groupId>system.score.vms</groupId>
    <version>1.0.0</version>
  </parent>
  <modelVersion>4.0.0</modelVersion>
  <artifactId>VMSBridge-gateway</artifactId>
  <build>
    <plugins>
      <plugin>
        <artifactId>maven-compiler-plugin</artifactId>
        <version>3.2</version>
        <configuration>
          <source>1.8</source>
          <target>1.8</target>
        </configuration>
      </plugin>
      <plugin>
        <artifactId>maven-shade-plugin</artifactId>
        <version>3.5.0</version>
        <executions>
          <execution>
            <phase>package</phase>
            <goals>
              <goal>shade</goal>
            </goals>
            <configuration>
              <createDependencyReducePom>false</createDependencyReducePom>
            </configuration>
          </execution>
        </executions>
      </plugin>
    </plugins>
  </build>
  <dependencies>
    <dependency>
      <groupId>com.inductiveautomation.ignition</groupId>
      <artifactId>common</artifactId>
      <version>8.0.0</version>
      <scope>provided</scope>
    </dependency>
    <dependency>
      <groupId>com.inductiveautomation.ignitionsdk</groupId>
      <artifactId>ignition-common</artifactId>
      <version>8.0.0</version>
      <type>pom</type>
      <scope>provided</scope>
    </dependency>
    <dependency>
      <groupId>com.inductiveautomation.ignitionsdk</groupId>
      <artifactId>gateway-api</artifactId>
      <version>8.0.0</version>
      <type>pom</type>
      <scope>provided</scope>
    </dependency>
    <dependency>
      <groupId>com.inductiveautomation.ignitionsdk</groupId>
      <artifactId>driver-api</artifactId>
      <version>8.0.0</version>
      <type>pom</type>
      <scope>provided</scope>
    </dependency>
    <dependency>
      <groupId>org.projectlombok</groupId>
      <artifactId>lombok</artifactId>
      <version>1.18.30</version>
      <scope>provided</scope>
    </dependency>
  </dependencies>
</project>
